[
    {
        "date": "05/27/2024",
        "time": "22:49",
        "type": "ICMP Ping",
        "protocol": "ICMP",
        "source_ip": "192.168.6.5",
        "source_port": "8",
        "dest_ip": "192.168.6.4",
        "dest_port": "0",
        "allow/deny": "Allowed",
        "pritority": "Allowed",
        "os": "Kali Linux"
    },
    {
        "date": "05/27/2024",
        "time": "22:49",
        "type": "ICMP Ping",
        "protocol": "ICMP",
        "source_ip": "192.168.6.4",
        "source_port": "0",
        "dest_ip": "192.168.6.5",
        "dest_port": "0",
        "allow/deny": "Allowed",
        "pritority": "Allowed",
        "os": "Ubuntu"
    },
    {
        "date": "05/27/2024",
        "time": "22:50",
        "type": "TCP SYN Scan",
        "protocol": "TCP",
        "source_ip": "192.168.6.5",
        "source_port": "61756",
        "dest_ip": "192.168.6.4",
        "dest_port": "53",
        "allow/deny": "Denied",
        "pritority": "Mid Alert",
        "os": "Kali Linux"
    },
    {
        "date": "05/31/2024",
        "time": "21:21",
        "type": "TCP SYN Scan",
        "protocol": "TCP",
        "source_ip": "192.168.6.5",
        "source_port": "56806",
        "dest_ip": "192.168.6.4",
        "dest_port": "1233",
        "allow/deny": "Denied",
        "pritority": "Mid Alert",
        "os": "Kali Linux"
    },
    {
        "date": "06/01/2024",
        "time": "16:26",
        "type": "ICMP Ping",
        "protocol": "ICMP",
        "source_ip": "192.168.6.5",
        "source_port": "8",
        "dest_ip": "192.168.6.4",
        "dest_port": "0",
        "allow/deny": "Allowed",
        "pritority": "Allowed",
        "os": "Kali Linux"
    },
    {
        "date": "06/01/2024",
        "time": "16:26",
        "type": "ICMP Ping",
        "protocol": "ICMP",
        "source_ip": "192.168.6.4",
        "source_port": "0",
        "dest_ip": "192.168.6.5",
        "dest_port": "0",
        "allow/deny": "Allowed",
        "pritority": "Allowed",
        "os": "Ubuntu"
    },
    {
        "date": "06/01/2024",
        "time": "16:27",
        "type": "SSH Brute Force Attack",
        "protocol": "TCP",
        "source_ip": "192.168.6.5",
        "source_port": "38100",
        "dest_ip": "192.168.6.4",
        "dest_port": "22",
        "allow/deny": "Denied",
        "pritority": "High Alert",
        "os": "Kali Linux"
    },
    {
        "date": "06/01/2024",
        "time": "16:29",
        "type": "SSH Brute Force Attack",
        "protocol": "TCP",
        "source_ip": "192.168.6.5",
        "source_port": "54872",
        "dest_ip": "192.168.6.4",
        "dest_port": "22",
        "allow/deny": "Denied",
        "pritority": "High Alert",
        "os": "Kali Linux"
    }
]